County,City,FA,SSO_Res_FW_Pct,MSW_SF_Res_FW_Pct,MSW_MF_Res_FW_Pct,SSO_Com_FW_Pct,MSW_Com_FW_Pct,Source,Source_Type,Source_Year,SSO_SF_Res_Tons,MSW_SF_Res_Tons,SSO_MFD_Tons,MSW_MFD_Tons,SSO_Com_Tons,MSW_Com_Tons,Total_MWS_Disposal_Tons
Alameda,Alameda,Yes,84.8,31.5,36.8,82.2,31.6,Alameda-County-Waste-Characterization-Study-2023-24.pdf,County WCS,2024,,,,,,,
Alameda,Albany,Yes,84.8,31.5,36.8,82.2,31.6,Alameda-County-Waste-Characterization-Study-2023-24.pdf,County WCS,2024,,,,,,,
Alameda,Berkeley,CityCollection,84.8,31.5,36.8,82.2,31.6,Alameda-County-Waste-Characterization-Study-2023-24.pdf,County WCS,2024,,,,,,,
Alameda,Dublin,Yes,84.8,31.5,36.8,82.2,31.6,Alameda-County-Waste-Characterization-Study-2023-24.pdf,County WCS,2024,,,,,,,
Alameda,Emeryville,Yes,84.8,31.5,36.8,82.2,31.6,Alameda-County-Waste-Characterization-Study-2023-24.pdf,County WCS,2024,,,,,,,
Alameda,Fremont,Yes,84.8,31.5,36.8,82.2,31.6,Alameda-County-Waste-Characterization-Study-2023-24.pdf,County WCS,2024,,,,,,,
Alameda,Hayward,Yes,84.8,31.5,36.8,82.2,31.6,Alameda-County-Waste-Characterization-Study-2023-24.pdf,County WCS,2024,,,,,,,
Alameda,Livermore,Yes,84.8,31.5,36.8,82.2,31.6,Alameda-County-Waste-Characterization-Study-2023-24.pdf,County WCS,2024,,,,,,,
Alameda,Newark,Yes,84.8,31.5,36.8,82.2,31.6,Alameda-County-Waste-Characterization-Study-2023-24.pdf,County WCS,2024,,,,,,,
Alameda,Oakland,Yes,84.8,31.5,36.8,82.2,31.6,Alameda-County-Waste-Characterization-Study-2023-24.pdf,County WCS,2024,,,,,,,
Alameda,Piedmont,Yes,84.8,31.5,36.8,82.2,31.6,Alameda-County-Waste-Characterization-Study-2023-24.pdf,County WCS,2024,,,,,,,
Alameda,Pleasanton,NoneFound,84.8,31.5,36.8,82.2,31.6,Alameda-County-Waste-Characterization-Study-2023-24.pdf,County WCS,2024,,,,,,,
Alameda,San Leandro,Yes,84.8,31.5,36.8,82.2,31.6,Alameda-County-Waste-Characterization-Study-2023-24.pdf,County WCS,2024,,,,,,,
Alameda,Union City,Yes,84.8,31.5,36.8,82.2,31.6,Alameda-County-Waste-Characterization-Study-2023-24.pdf,County WCS,2024,,,,,,,
Contra Costa,Antioch,Yes,,,,,,,,,,,,,,,
Contra Costa,Brentwood,CityCollection,,,,,,,,,,,,,,,
Contra Costa,Clayton,Yes,,,,,,,,,,,,,,,
Contra Costa,Concord,Yes,,,,,,,,,,,,,,,
Contra Costa,Danville,JointAgreement,92.6,35.4,31.7,,26.9,file:///C:/Users/Lenovo/Box/Research/Primary_Data_Files/Waste_Characterization_Studies/RecycleSmart-Waste-Characterization-Study-and-Capture-Rate-Study-Report-FINAL-10172025-2_Central_Contra_Costa.pdf,JPA WCS,2025,,,,,,,
Contra Costa,El Cerrito,JPA,,,,,,2023-Annual-Report-Republic-Services-RecycleMore-03182024.pdf,Post-Collection Annual Yearly Summary,2023,4606,6533,,,,0,
Contra Costa,Hercules,JPA,,,,,,2023-Annual-Report-Republic-Services-RecycleMore-03182024.pdf,Post-Collection Annual Yearly Summary,2023,3080,4338,,,,1592,
Contra Costa,Lafayette,JointAgreement,92.6,35.4,31.7,,26.9,file:///C:/Users/Lenovo/Box/Research/Primary_Data_Files/Waste_Characterization_Studies/RecycleSmart-Waste-Characterization-Study-and-Capture-Rate-Study-Report-FINAL-10172025-2_Central_Contra_Costa.pdf,JPA WCS,2025,,,,,,,
Contra Costa,Martinez,Yes,,,,,,,,,,,,,,,
Contra Costa,Moraga,JointAgreement,92.6,35.4,31.7,,26.9,file:///C:/Users/Lenovo/Box/Research/Primary_Data_Files/Waste_Characterization_Studies/RecycleSmart-Waste-Characterization-Study-and-Capture-Rate-Study-Report-FINAL-10172025-2_Central_Contra_Costa.pdf,JPA WCS,2025,,,,,,,
Contra Costa,Oakley,Yes,,,,,,,,,,,,,,,
Contra Costa,Orinda,JointAgreement,92.6,35.4,31.7,,26.9,file:///C:/Users/Lenovo/Box/Research/Primary_Data_Files/Waste_Characterization_Studies/RecycleSmart-Waste-Characterization-Study-and-Capture-Rate-Study-Report-FINAL-10172025-2_Central_Contra_Costa.pdf,JPA WCS,2025,,,,,,,
Contra Costa,Pinole,JPA,,,,,,2023-Annual-Report-Republic-Services-RecycleMore-03182024.pdf,Post-Collection Annual Yearly Summary,2023,3037,4200,,,,3217,
Contra Costa,Pittsburg,Yes,,,,,,,,,,,,,,,
Contra Costa,Pleasant Hill,Yes,,,,,,,,,,,,,,,
Contra Costa,Richmond,JPA,,,,,,2023-Annual-Report-Republic-Services-RecycleMore-03182024.pdf,Post-Collection Annual Yearly Summary,2023,19191,22281,,,,12466,
Contra Costa,San Pablo,JPA,,,,,,2023-Annual-Report-Republic-Services-RecycleMore-03182024.pdf,Post-Collection Annual Yearly Summary,2023,4102,6463,,,,4521,
Contra Costa,San Ramon,Yes,,,,,,,,,,,,,,,
Contra Costa,Walnut Creek,JointAgreement,92.6,35.4,31.7,,26.9,file:///C:/Users/Lenovo/Box/Research/Primary_Data_Files/Waste_Characterization_Studies/RecycleSmart-Waste-Characterization-Study-and-Capture-Rate-Study-Report-FINAL-10172025-2_Central_Contra_Costa.pdf,JPA WCS,2025,,,,,,,
Marin,Belvedere,NoneFound,92.6,34.7,36.5,,37.9,*Marin_County_FINAL_ZWM-WCS-Report_SCS-Engineers_6-2025.pdf,County WCS,2024,,,,,,,
Marin,Corte Madera,Yes,92.6,34.7,36.5,,37.9,*Marin_County_FINAL_ZWM-WCS-Report_SCS-Engineers_6-2025.pdf,County WCS,2024,,,,,,,
Marin,Fairfax,Yes,92.6,34.7,36.5,,37.9,*Marin_County_FINAL_ZWM-WCS-Report_SCS-Engineers_6-2025.pdf,County WCS,2024,,,,,,,
Marin,Larkspur,Yes,92.6,34.7,36.5,,37.9,*Marin_County_FINAL_ZWM-WCS-Report_SCS-Engineers_6-2025.pdf,County WCS,2024,,,,,,,
Marin,Mill Valley,Yes,92.6,34.7,36.5,,37.9,*Marin_County_FINAL_ZWM-WCS-Report_SCS-Engineers_6-2025.pdf,County WCS,2024,,,,,,,
Marin,Novato,Yes,92.6,34.7,36.5,,37.9,*Marin_County_FINAL_ZWM-WCS-Report_SCS-Engineers_6-2025.pdf,County WCS,2024,,,,,,,
Marin,Ross,Yes,92.6,34.7,36.5,,37.9,*Marin_County_FINAL_ZWM-WCS-Report_SCS-Engineers_6-2025.pdf,County WCS,2024,,,,,,,
Marin,San Anselmo,Yes,92.6,34.7,36.5,,37.9,*Marin_County_FINAL_ZWM-WCS-Report_SCS-Engineers_6-2025.pdf,County WCS,2024,,,,,,,
Marin,San Rafael,Yes,92.6,34.7,36.5,,37.9,*Marin_County_FINAL_ZWM-WCS-Report_SCS-Engineers_6-2025.pdf,County WCS,2024,,,,,,,
Marin,Sausalito,Yes,92.6,34.7,36.5,,37.9,*Marin_County_FINAL_ZWM-WCS-Report_SCS-Engineers_6-2025.pdf,County WCS,2024,,,,,,,
Marin,Tiburon,Yes,92.6,34.7,36.5,,37.9,*Marin_County_FINAL_ZWM-WCS-Report_SCS-Engineers_6-2025.pdf,County WCS,2024,,,,,,,
Napa,American Canyon,Yes,,,,,,,,,,,,,,,
Napa,Calistoga,YesUVWMA,,,,,,,,,,,,,,,
Napa,Napa,Yes,,,,,,,,,,,,,,,
Napa,St. Helena,YesUVWMA,,,,,,,,,,,,,,,
Napa,Yountville,YesUVWMA,,,,,,,,,,,,,,,
Sacramento,Citrus Heights,Yes,,,,,,,,,,,,,,,
Sacramento,Elk Grove,Yes,,27.7,,,13.8,*05-22-19_8.9_Elk_Grove.pdf,City Organics Processing Options Memo,,,,,,,,
Sacramento,Folsom,CityCollection,,,,,,,,,,,,,,,
Sacramento,Galt,Yes,,,,,,,,,,,,,,,
Sacramento,Isleton,Yes,,,,,,,,,,,,,,,
Sacramento,Rancho Cordova,Yes,,,,,,,,,,,,,,,
Sacramento,Sacramento,CityCollection,,,,,,,,,,,,,,,
San Francisco,San Francisco,Yes,,46,,,47,file:///C:/Users/Lenovo/Box/Research/Primary_Data_Files/Waste_Characterization_Studies/Refuse_Rate_Hearing_Trash_Processing_Jan_30_2025_-_Copy_SF.pdf,City Route-Based WCS (find real source),2024,,,,,,,
San Joaquin,Escalon,Yes,,,,,,,,,,,,,,,
San Joaquin,Lathrop,Yes,,,,,,,,,,,,,,,
San Joaquin,Lodi,Yes,,,,,,,,,,,,,,,
San Joaquin,Manteca,CityCollection,,,,,,,,,,,,,,,
San Joaquin,Ripon,CityCollection,,,,,,,,,,,,,,,
San Joaquin,Stockton,Yes,,,,,,,,,,,,,,,
San Joaquin,Tracy,Yes,,,,,,,,,,,,,,,
San Mateo,Atherton,Yes,,,,,,,,,,,,,,,
San Mateo,Belmont,Yes,,,,,,file:///C:/Users/Lenovo/Box/Research/Primary_Data_Files/Waste_Characterization_Studies/Q4-2024-Report_Recology_San_Mateo.pdf,Recology San Mateo Quarterly Report,2024,4389.13,3264.63,106.9,1911.35,755,2249.37,
San Mateo,Brisbane,Yes,,,,,,,,,,,,,,,
San Mateo,Burlingame,Yes,,,,,,file:///C:/Users/Lenovo/Box/Research/Primary_Data_Files/Waste_Characterization_Studies/Q4-2024-Report_Recology_San_Mateo.pdf,Recology San Mateo Quarterly Report,2024,5654.46,3962.6,348.1,3100.17,3392.64,6911.95,
San Mateo,Colma,Yes,,,,,,,,,,,,,,,
San Mateo,Daly City,Yes,,,,,,,,,,,,,,,
San Mateo,East Palo Alto,Yes,,,,,,file:///C:/Users/Lenovo/Box/Research/Primary_Data_Files/Waste_Characterization_Studies/Q4-2024-Report_Recology_San_Mateo.pdf,Recology San Mateo Quarterly Report,2024,3955.97,6596.95,140.16,2981.1,607.4,1404.56,
San Mateo,Foster City,Yes,,,,,,file:///C:/Users/Lenovo/Box/Research/Primary_Data_Files/Waste_Characterization_Studies/Q4-2024-Report_Recology_San_Mateo.pdf,Recology San Mateo Quarterly Report,2024,3094.26,3154.3,293.63,3610.28,1906.62,2687.55,
San Mateo,Half Moon Bay,Yes,,,,,,,,,,,,,,,
San Mateo,Hillsborough,Yes,,,,,,file:///C:/Users/Lenovo/Box/Research/Primary_Data_Files/Waste_Characterization_Studies/Q4-2024-Report_Recology_San_Mateo.pdf,Recology San Mateo Quarterly Report,2024,5517.25,2540.62,0,0,230.75,242.02,
San Mateo,Menlo Park,Yes,,,,,,file:///C:/Users/Lenovo/Box/Research/Primary_Data_Files/Waste_Characterization_Studies/Q4-2024-Report_Recology_San_Mateo.pdf,Recology San Mateo Quarterly Report,2024,8516.08,4318.7,304.32,2621.37,4863.69,8189.66,
San Mateo,Millbrae,Yes,,,,,,SB1383EARjurisdictionSummary_Millbrae.pdf,City EAR,2023,,,,,,,13715.68
San Mateo,Pacifica,Yes,,,,,,,,,,,,,,,
San Mateo,Portola Valley,Yes,,,,,,,,,,,,,,,
San Mateo,Redwood City,Yes,,,,,,file:///C:/Users/Lenovo/Box/Research/Primary_Data_Files/Waste_Characterization_Studies/Q4-2024-Report_Recology_San_Mateo.pdf,Recology San Mateo Quarterly Report,2024,12226.56,10342.45,376.26,7775.24,4518.63,14272.89,
San Mateo,San Bruno,Yes,,,,,,,,,,,,,,,
San Mateo,San Carlos,Yes,,,,,,file:///C:/Users/Lenovo/Box/Research/Primary_Data_Files/Waste_Characterization_Studies/Q4-2024-Report_Recology_San_Mateo.pdf,Recology San Mateo Quarterly Report,2024,6108.79,4275.63,212.47,1463.15,1541.57,5757.58,
San Mateo,San Mateo,Yes,,,,,,file:///C:/Users/Lenovo/Box/Research/Primary_Data_Files/Waste_Characterization_Studies/Q4-2024-Report_Recology_San_Mateo.pdf,Recology San Mateo Quarterly Report,2024,15106.3,12835.08,806.59,10360.57,4683.76,12365.98,
San Mateo,South San Francisco,Yes,,,,,,,,,,,,,,,
San Mateo,Woodside,Yes,,,,,,,,,,,,,,,
Santa Clara,Campbell,YesWVSWMA,,,,,,,,,,,,,,,
Santa Clara,Cupertino,Yes,,,,,,,,,,,,,,,
Santa Clara,Gilroy,Yes,,,,,,,,,,,,,,,
Santa Clara,Los Altos,Yes,,,,,,,,,,,,,,,
Santa Clara,Los Altos Hills,Yes,,,,,,,,,,,,,,,
Santa Clara,Los Gatos,YesWVSWMA,,,,,,,,,,,,,,,
Santa Clara,Milpitas,Yes,,,,,,,,,,,,,,,
Santa Clara,Monte Sereno,YesWVSWMA,,,,,,,,,,,,,,,
Santa Clara,Morgan Hill,Yes,,,,,,,,,,,,,,,
Santa Clara,Mountain View,Yes,,,,,,,,,,,,,,,
Santa Clara,Palo Alto,Yes,99,54,38,72,38,paloalto2017wcs_finalreport.pdf,City WCS,2017,,,,,,,
Santa Clara,San Jose,Yes,,,,,,,,,,,,,,,
Santa Clara,Santa Clara,Yes,,,,,,,,,,,,,,,
Santa Clara,Saratoga,Yes,,,,,,,,,,,,,,,
Santa Clara,Sunnyvale,Yes,,,,,,,,,,,,,,,
Santa Cruz,Capitola,Yes,,,,,,,,,,,,,,,
Santa Cruz,Santa Cruz,CityCollection,,,,,,,,,,,,,,,
Santa Cruz,Scotts Valley,Yes,,,,,,,,,,,,,,,
Santa Cruz,Watsonville,CityCollection,,,,,,,,,,,,,,,
Solano,Benicia,Yes,,,,,,,,,,,,,,,
Solano,Dixon,Yes,,,,,,,,,,,,,,,
Solano,Fairfield,Yes,,,,,,,,,,,,,,,
Solano,Rio Vista,Yes,,,,,,,,,,,,,,,
Solano,Suisun City,Yes,,,,,,,,,,,,,,,
Solano,Vacaville,Yes,,,,,,,,,,,,,,,
Solano,Vallejo,Yes,,,,,,,,,,,,,,,
Sonoma,Cloverdale,Yes,,45,34.1,,39.2,ZWS-WCS-Final-Report-20Jul2022_Sonoma.pdf,County WCS,2022,,,,,,,
Sonoma,Cotati,Yes,,45,34.1,,39.2,ZWS-WCS-Final-Report-20Jul2022_Sonoma.pdf,County WCS,2022,,,,,,,
Sonoma,Healdsburg,Yes,,45,34.1,,39.2,ZWS-WCS-Final-Report-20Jul2022_Sonoma.pdf,County WCS,2022,,,,,,,
Sonoma,Petaluma,Yes,,45,34.1,,39.2,ZWS-WCS-Final-Report-20Jul2022_Sonoma.pdf,County WCS,2022,,,,,,,
Sonoma,Rohnert Park,Yes,,45,34.1,,39.2,ZWS-WCS-Final-Report-20Jul2022_Sonoma.pdf,County WCS,2022,,,,,,,
Sonoma,Santa Rosa,Yes,,45,34.1,,39.2,ZWS-WCS-Final-Report-20Jul2022_Sonoma.pdf,County WCS,2022,,,,,,,
Sonoma,Sebastopol,Yes,,45,34.1,,39.2,ZWS-WCS-Final-Report-20Jul2022_Sonoma.pdf,County WCS,2022,,,,,,,
Sonoma,Sonoma,Yes,,45,34.1,,39.2,ZWS-WCS-Final-Report-20Jul2022_Sonoma.pdf,County WCS,2022,,,,,,,
Sonoma,Windsor,Yes,,45,34.1,,39.2,ZWS-WCS-Final-Report-20Jul2022_Sonoma.pdf,County WCS,2022,,,,,,,
Stanislaus,Ceres,Yes,,,,,,,,,,,,,,,
Stanislaus,Hughson,Yes,,,,,,,,,,,,,,,
Stanislaus,Modesto,Yes,,,,,,,,,,,,,,,
Stanislaus,Newman,Yes,,,,,,,,,,,,,,,
Stanislaus,Oakdale,Yes,,,,,,,,,,,,,,,
Stanislaus,Patterson,Yes,,,,,,,,,,,,,,,
Stanislaus,Riverbank,Yes,,,,,,,,,,,,,,,
Stanislaus,Turlock,Yes,,,,,,,,,,,,,,,
Stanislaus,Waterford,Yes,,,,,,,,,,,,,,,
Yolo,Davis,Yes,,,,,,,,,,,,,,,
Yolo,West Sacramento,Yes,,,,,,,,,,,,,,,
Yolo,Winters,Yes,,,,,,,,,,,,,,,
Yolo,Woodland,Yes,,,,,,,,,,,,,,,
