SWIS_Number,Site_Name,Owner_Name,Owner_Parent,Owner_Type,Operator_Name,Operator_Parent,Operator_Type,Activity,Activity_Category,County
07-AA-0044,WCCSLF Organic Materials Processing,West Contra Costa Sanitary Landfill Inc,Republic Services Inc.,Company,West Contra Costa Sanitary Landfill Inc,Republic Services Inc.,Company,Composting Facility (Mixed),Composting,Contra Costa
15-AA-0307,Recology Blossom Valley Organics- South,Lamont Public Utilities District,City of Lamont,City,Recology Blossom Valley Organics- South,Recology Inc.,Company,Composting Facility (Mixed),Composting,Kern
19-AA-0061,Pebbly Beach (Avalon) Disposal Site,City Of Avalon,City of Avalon,City,Avalon Environmental Services,City of Avalon,City,Composting Facility (Mixed),Composting,Los Angeles
27-AA-0010,Monterey Peninsula Landfill,Monterey Regional Waste Mangt District,Monterey County,County,Monterey Regional Waste Mangt District,Monterey County,County,Composting Facility (Mixed),Composting,Monterey
33-AA-0292,Coachella Valley Compost,Riverside County Dept. of Waste Resources,Riverside County,County,"Burrtec Waste Industries, Inc.",Burrtec Waste Industries Inc.,Company,Composting Facility (Mixed),Composting,Riverside
36-AA-0341,West Valley Materials Recvr`y Facility,"West Valley MRF, LLC","Burrtec Waste Industries, Inc",Company,West Valley Recycling and Transfer,Burrtec Waste Industries Inc.,Company,Composting Facility (Mixed),Composting,San Bernardino
27-AA-0085,Gabilan Ag Services,Monterey Regional Waste Mangt District,Monterey County,County,Keith Day Co.Inc. DBA Gabilan Fertilizer,Keith Day Co. Inc.,Company,Composting Facility (Mixed),Composting,Monterey
28-AA-0030,City of Napa Material Diversion Facility,City of Napa,City of Napa,City,"Napa Recycling & Waste Services, LLC","Napa Recycling & Waste Services, LLC",Company,Composting Facility (Mixed),Composting,Napa
37-AB-0003,Miramar Greenery,U.S. Marine Corps Air Station -Miramar,City of San Diego,City,City of San Diego Environmental Services Department,City of San Diego,City,Composting Facility (Mixed),Composting,San Diego
33-AA-0258,Robert A Nelson Transfer Station & MRF,Riverside County Dept. of Waste Resources,Riverside County,County,"Agua Mansa MRF, LLC",Burrtec Waste Industries Inc.,Company,Composting Facility (Mixed),Composting,Riverside
39-AA-0020,Forward Resource Recovery Facility,"Forward, Inc./Allied Waste North America",Republic Services Inc.,Company,"Forward, Inc./Allied Waste North America",Republic Services Inc.,Company,Composting Facility (Mixed),Composting,San Joaquin
36-AA-0346,Victor Valley MRF & Transfer Station,City of Victorville & Town of Apple,City of Victorville,City,"Burrtec Waste Industries, Inc.",Burrtec Waste Industries Inc.,Company,Composting Facility (Mixed),Composting,San Bernardino
36-AA-0403,Victor Valley Regional Composting Fac.,Victor Valley Wastewater Rec. Authority,City of Victorville,City,American Organics Recycling,Athens Services,Company,Composting Facility (Mixed),Composting,San Bernardino
36-AA-0308,One Stop Landscape Supply Center,Curti Family Trust,Curti Family,Company,"One Stop Landscape Supply Center, Inc.","One Stop Landscape Supply Center, Inc.",Company,Composting Facility (Mixed),Composting,San Bernardino
42-AA-0053,Engel & Gray Inc,City Of Santa Maria,City of Santa Maria,City,"Engel & Gray, Inc","Engel & Gray, Inc",Company,Composting Facility (Mixed),Composting,Santa Barbara
50-AA-0018,Modesto Co-Compost Facility,City Of Modesto/County Of Stanislaus,Stanislaus County,County,City Of Modesto,City of Modesto,City,Composting Facility (Mixed),Composting,Stanislaus
50-AA-0016,Gilton Resource Recovery Composting Fac.,Gilton Brothers Rentals,Gilton Solid Waste Management Inc.,Company,"Gilton Resource Recovery Facility, Inc.",Gilton Solid Waste Management Inc.,Company,Composting Facility (Mixed),Composting,Stanislaus
39-AA-0024,Tracy Material Recovery & T.S.,Repetto M,Tracy Delta Solid Waste Management Inc.,Company,Repetto M,Tracy Delta Solid Waste Management Inc.,Company,Composting Facility (Mixed),Composting,San Joaquin
43-AA-0015,Z-Best Composting Facility,"Zanker Road Resources Management, Ltd.",GreenWaste Recovery Inc.,Company,"Zanker Road Resources Management, LLC",GreenWaste Recovery Inc.,Company,Composting Facility (Mixed),Composting,Santa Clara
50-AA-0020,Recology Blossom Valley Organics North (Vernalis),Recology,Recology Inc.,Company,Recology Blossom Valley Organics N. Vern,Recology Inc.,Company,Composting Facility (Mixed),Composting,Stanislaus
54-AA-0026,South Valley Compost Site,"Shannon Trust (A"" and ""B"")""",Waste Management Inc.,Company,"USA Waste of California, Inc.",Waste Management Inc.,Company,Composting Facility (Mixed),Composting,Tulare
42-AA-0015,Tajiguas Res Rec Proj & Sanitary LF,County Of Santa Barbara Public Works Dep,Santa Barbara County,County,County Of Santa Barbara Public Works Dep,Santa Barbara County,County,Composting Facility (Mixed),Composting,Santa Barbara
43-AA-0017,South Valley Organic Composting Facility,Recology Pacheco Pass,Recology Inc.,Company,Recology Pacheco Pass,Recology Inc.,Company,Composting Facility (Mixed),Composting,Santa Clara
48-AA-0083,Jepson Prairie Organics Composting Fac,Jepson Prairie Organics Composting Fac.,Recology Inc.,Company,Jepson Prairie Organics Composting Fac.,Recology Inc.,Company,Composting Facility (Mixed),Composting,Solano
17-AA-0014,South Lake Resource Recovery and Compost,South Lake Refuse and Recycling,Waste Connections Inc.,Company,South Lake Refuse and Recycling,Waste Connections Inc.,Company,Composting Facility (Mixed),Composting,Lake
10-AA-0201,MidValley Disposal Transfer Recycling St,Mid Valley Disposal,Mid Valley Disposal,Company,Mid Valley Disposal,Mid Valley Disposal,Company,Composting Facility (Mixed),Composting,Fresno
54-AA-0034,Pena`s Disposal Inc Transfer & MRF,"PENA's Disposal, Inc.",Pena's Disposal Inc,Company,NA,Pena's Disposal Inc,Company,Composting Facility (Mixed),Composting,Tulare
22-AA-0013,Mariposa Co. Composting Facility,"County of Mariposa, Public Works Dept.",Mariposa County,County,"County of Mariposa, Public Works Dept.",Mariposa County,County,Composting Facility (Mixed),Composting,Mariposa
57-AA-0001,Yolo County Central Landfill,Yolo County Comm Serv Dept Div of Integ Waste Mgmt,Yolo County,County,Yolo County Comm Serv Dept Div of Integ Waste Mgmt,Yolo County,County,Composting Facility (Mixed),Composting,Yolo
54-AA-0028,WC Wood Industries Company Composting Facility,Quinn Enterprises L.P.,Quinn Enterprises L.P.,Company,West Coast Sand and Gravel,West Coast Sand and Gravel,Company,Composting Facility (Mixed),Composting,Tulare
11-AA-0034,"Compost Solutions, Inc.",The 4446 Inc.,The 4446 Inc.,Company,"Composting Solutions, Inc.","Composting Solutions, Inc.",Company,Composting Facility (Mixed),Composting,Glenn
40-AA-0037,"B. Goodrow, Inc. Composting","Goodrow, B.,  Inc.","Goodrow, B.,  Inc.",Company,"Goodrow, Inc. Composting","Goodrow, B.,  Inc.",Company,Composting Facility (Mixed),Composting,San Luis Obispo
27-AA-0109,"Converted Organics of California, LLC",Curtis Gill,"Converted Organics of California, LLC",Company,"Converted Organics of California, LLC","Converted Organics of California, LLC",Company,Composting Facility (Mixed),Composting,Monterey
21-AA-0068,WM Earthcare of Marin,"Redwood Landfill, Inc.",Waste Management Inc.,Company,"Redwood Landfill, Inc.",Waste Management Inc.,Company,Composting Facility (Mixed),Composting,Marin
30-AB-0403,Tierra Verde Industries EcoCentre,Orange County Great Parks Corporation,Orange County,County,Tierra Verde Industries,Tierra Verde Industries,Company,Composting Facility (Mixed),Composting,Orange
23-AA-0053,Pacific Organic Solutions,"Yulupa Investements, LLC",Waste Connections Inc.,Company,"Pacific Recycling Solutions, Inc.",Waste Connections Inc.,Company,Composting Facility (Mixed),Composting,Mendocino
37-AA-0988,Otay Mesa Compost Facility,"International Industrial Park, Inc.",Waste Management Inc.,Company,"Agri Service Recycling, Inc.",Waste Management Inc.,Company,Vegetative Food Material Composting Facility,Composting,San Diego
33-AA-0357,Lamb Canyon Compost Facility,Riverside County Dept. of Waste Resources,Riverside County,County,Riverside Co. Dept. of Waste Resources,Riverside County,County,Vegetative Food Material Composting Facility,Composting,Riverside
01-AA-0325,Composting Facility (Altamont Landfill),"Waste Management of Alameda County, Inc.",Waste Management Inc.,Company,"Waste Management of Alameda County, Inc.",Waste Management Inc.,Company,Composting Facility (Mixed),Composting,Alameda
33-AA-0376,Edom Hill Compost,"Burrtec Waste Industries, Inc.","Burrtec Waste Industries, Inc",Company,"Burrtec Waste Industries, Inc.","Burrtec Waste Industries, Inc",Company,Composting Facility (Mixed),Composting,Riverside
13-AA-0121,Salton City Compost,Imperial County Dept. of Public Works,"Burrtec Waste Industries, Inc",Company,"Burrtec Waste Industries, Inc.","Burrtec Waste Industries, Inc",Company,Vegetative Food Material Composting Facility,Composting,Imperial
56-AA-0179,Agromin Limoneira Commercial Organics Processing Ops.,Limoneira Associates,Limoneira Associates,Company,Agromin,Agromin,Company,Composting Facility (Mixed),Composting,Ventura
