Year,Jurisdiction,County,Landfill (Includes host assigned tons due to missing reports),Transformation (Includes host assigned tons due to missing reports),EMSW (Includes host assigned tons due to missing reports),Green Material ADC (Includes host assigned tons due to missing reports),Landfilled host assigned tons due to missing reports,Transformation host assigned tons due to missing reports,EMSW host assigned tons due to missing reports,Total host assigned tons due to missing reports (Landfilled/EMSW/Transformation),Green Material ADC host assigned tons due to missing reports,Exported Green Material for Potential Beneficial Reuse (Includes host assigned tons due to missing reports),Exported Green Material for Potential Beneficial Reuse host assigned tons due to missing reports.
2024,Adelanto,San Bernardino,28630.47,,,,,,,,,,
2024,Agoura Hills,Los Angeles,10598.85,,,,,,,,,5.9,
2024,Alameda,Alameda,30520.97,0.08,,,,,,,,,
2024,Alameda-Unincorporated,Alameda,81896.4,,,,,,,,,,
2024,Albany,Alameda,6353.33,0.32,,,,,,,,,
2024,Alhambra,Los Angeles,57372.78,,,,,,,,,,
2024,Aliso Viejo,Orange,31827.25,4.26,,,,,,,,,
2024,Alpine-Unincorporated,Alpine,1750.59,,,2.53,,,,,,,
2024,Alturas,Modoc,3583.77,,,,,,,,,,
2024,Amador County Integrated Solid Waste Management Agency,Amador,32931.2,1.93,,,,,,,,,
2024,American Canyon,Napa,16370.58,69.5,,,,,,,,,
2024,Anaheim,Orange,554779.99,287.95,,,,,,,,,
2024,Antioch,Contra Costa,71094.12,1.77,,,,,,,,,
2024,Apple Valley,San Bernardino,61249.78,,,,,,,,,,
2024,Arcadia,Los Angeles,53590.4,,,,,,,,,,
2024,Arcata,Humboldt,11164.91,,,,,,,,,,
2024,Arvin,Kern,14395.05,21.53,,,,,,,,,
2024,Atherton,San Mateo,4277.64,0.16,,,,,,,,,
2024,Auburn,Placer,19732.07,0.09,,,,,,,,,
2024,Avalon,Los Angeles,2921.25,,,,,,,,,,
2024,Avenal,Kings,18119.06,0.06,,10151.95,,,,,,,
2024,Azusa,Los Angeles,48124.91,,,,8.01,,,8.01,,,
2024,Bakersfield,Kern,393799.54,62.33,,,,,,,,,
2024,Baldwin Park,Los Angeles,61426.22,,,,,,,,,,
2024,Banning,Riverside,32047.74,,,,,,,,,,
2024,Barstow,San Bernardino,23886.08,,,,,,,,,,
2024,Beaumont,Riverside,52949.79,,,,,,,,,,
2024,Bell,Los Angeles,25629.35,,,,,,,,,,
2024,Bell Gardens,Los Angeles,28043.81,1.31,,,,,,,,,
2024,Bellflower,Los Angeles,61901.8,0.03,,,,,,,,,
2024,Belmont,San Mateo,15700.22,0.32,,,,,,,,,
2024,Benicia,Solano,31136.64,0.06,,,,,,,,,
2024,Berkeley,Alameda,69730.29,44.23,,,,,,,,,
2024,Big Bear Lake,San Bernardino,13554.89,,,,,,,,,,
2024,Blue Lake,Humboldt,631.79,,,,,,,,,,
2024,Blythe,Riverside,13803.72,0.01,,,,,,,,,
2024,Brea,Orange,74091.26,3.18,,,,,,,,,
2024,Brentwood,Contra Costa,40773.04,,,11702.96,,,,,,,
2024,Brisbane,San Mateo,9870.29,0.03,,,,,,,,,
2024,Buellton,Santa Barbara,4232.44,,,,,,,,,,
2024,Buena Park,Orange,60264,266.23,,,,,,,,,
2024,Burbank,Los Angeles,103733.07,,,,844.72,,,844.72,,,
2024,Burlingame,San Mateo,16409.63,9.88,,,,,,,,,
2024,Butte County Regional Waste Management Authority,Butte,83030.39,,,11.7,,,,,,,
2024,Calabasas,Los Angeles,75699.46,,,,,,,,,,
2024,Calaveras County Regional Agency,Calaveras,39702.59,0.6,,3637.45,,,,,,,
2024,California City,Kern,11745.19,,,,,,,,,,
2024,Calimesa,Riverside,15266.64,1.16,,,,,,,,,
2024,Camarillo,Ventura,70400.14,40.64,,,,,,,,,
2024,Campbell,Santa Clara,27714.65,7.65,,,,,,,,,
2024,Canyon Lake,Riverside,7927.95,1.86,,,,,,,,,
2024,Capitola,Santa Cruz,8140.43,,,,,,,,,,
2024,Carlsbad,San Diego,131687.93,,,,,,,,,,
2024,Carmel-by-the-Sea,Monterey,10789.45,,,,,,,,,,
2024,Carpinteria,Santa Barbara,12652.94,9.42,,,,,,,,,
2024,Carson,Los Angeles,198542.92,17.49,,,,,,,,,
2024,Cathedral City,Riverside,50450.63,,,,,,,,,,
2024,Central Contra Costa Solid Waste Authority (CCCSWA),Contra Costa,104827.48,2.9,,,,,,,,,
2024,Cerritos,Los Angeles,47096.64,17.49,,,,,,,,,
2024,Chico,Butte,59123.67,1.06,,4.63,220.1,,,220.1,,,
2024,Chino,San Bernardino,108088.9,230.4,,,,,,,,,
2024,Chino Hills,San Bernardino,44222.3,,,,,,,,,,
2024,Chowchilla,Madera,16518.7,0.03,,113.49,,,,,,,
2024,Chula Vista,San Diego,213996.22,89.99,,,,,,,,,
2024,Citrus Heights,Sacramento,50185.21,4.15,,,,,,,,,
2024,Claremont,Los Angeles,31173.72,,,,,,,,,,
2024,Clayton,Contra Costa,5957.44,,,133.83,,,,,,,
2024,Clearlake,Lake,8539.45,0.25,,,,,,,,,
2024,Clovis,Fresno,100178.14,0.93,,805.1,,,,,,,
2024,Coachella,Riverside,39991.24,,,,,,,,,,
2024,Coalinga,Fresno,7438.7,1.44,,,,,,,,,
2024,Colfax,Placer,2540.78,,,,,,,,,,
2024,Colma,San Mateo,2682.15,,,,,,,,,,
2024,Colton,San Bernardino,62565.6,1.36,,,,,,,,,
2024,Colusa County Regional Agency,Colusa,24576.62,1.28,,,,,,,,,
2024,Commerce,Los Angeles,61270.22,,,,,,,,,,
2024,Compton,Los Angeles,130412.07,108.3,,,,,,,,,
2024,Concord,Contra Costa,107861.14,1.1,,,,,,,,,
2024,Contra Costa-Unincorporated,Contra Costa,84895.55,,,0.69,,,,,,,
2024,Corona,Riverside,247767.11,119.8,,,,,,,,,
2024,Coronado,San Diego,38124.11,,,,,,,,,,
2024,Costa Mesa,Orange,145888.46,17.35,,,,,,,,,
2024,Covina,Los Angeles,58537.85,,,,,,,,,,
2024,Cudahy,Los Angeles,18335.02,,,,,,,,,,
2024,Culver City,Los Angeles,82544.36,,,,,,,,,,
2024,Cupertino,Santa Clara,23579.78,,,,,,,,,,
2024,Cypress,Orange,43678.62,0.13,,,,,,,,,
2024,Daly City,San Mateo,49250.81,0.65,,,,,,,,,
2024,Dana Point,Orange,41091.51,5.38,,,,,,,,,
2024,Davis,Yolo,34610.87,0.88,,,,,,,,,
2024,Del Mar,San Diego,10433.2,,,,,,,,,,
2024,Del Norte Solid Waste Management Authority,Del Norte,24515.97,,,,,,,,,,
2024,Del Rey Oaks,Monterey,932.68,,,,,,,,,,
2024,Delano,Kern,35419.3,6.04,,,,,,,,,
2024,Desert Hot Springs,Riverside,39776.42,,,,,,,,,,
2024,Diamond Bar,Los Angeles,27273.97,,,,,,,,,,
2024,Dinuba,Tulare,20042.7,0.19,,,,,,,,,
2024,Dixon,Solano,18123.1,0.23,,,,,,,,,
2024,Dublin,Alameda,30206.22,1.56,,,,,,,,,
2024,East Palo Alto,San Mateo,4735.87,,,,,,,,,,
2024,Eastvale,Riverside,42004.32,,,,,,,,,,
2024,El Cajon,San Diego,105469,,,,,,,,,829.54,
2024,El Dorado-Unincorporated,El Dorado,112156.12,,,,,,,,,289.34,
2024,El Monte,Los Angeles,93722.11,31.44,,,,,,,,,
2024,El Segundo,Los Angeles,28666.04,57.21,,,,,,,,,
2024,Elk Grove,Sacramento,80832.75,4.8,,,,,,,,,
2024,Emeryville,Alameda,12108.42,0.29,,,,,,,,,
2024,Encinitas,San Diego,57452.16,,,,,,,,,,
2024,Escalon,San Joaquin,9755.9,,,,,,,,,,
2024,Escondido,San Diego,197704.42,592.88,,,,,,,,,
2024,Eureka,Humboldt,40034.82,1.62,,,,,,,,,
2024,Exeter,Tulare,6760.65,0.19,,,,,,,,,
2024,Fairfield,Solano,147311,252.26,,,,,,,,,
2024,Farmersville,Tulare,6011.73,,,,,,,,,,
2024,Ferndale,Humboldt,1329.14,,,,,,,,,,
2024,Fillmore,Ventura,16269.46,,,,,,,,,,
2024,Firebaugh,Fresno,5099.02,,,0.31,,,,,,,
2024,Folsom,Sacramento,54943.3,1.14,,,,,,,,,
2024,Fontana,San Bernardino,235204.74,2.18,,,,,,,,,
2024,Fort Bragg,Mendocino,4468.73,,,,,,,,,,
2024,Fortuna,Humboldt,13039.71,,,,,,,,,,
2024,Foster City,San Mateo,6639.77,0.15,,,,,,,,,
2024,Fountain Valley,Orange,64275.35,1.44,,,,,,,,,
2024,Fowler,Fresno,10406.83,202.62,,,,,,,,,
2024,Fremont,Alameda,185795.01,635.35,,,,,,,,,
2024,Fresno,Fresno,722415.38,612.77,,750.33,,,,,,,
2024,Fresno-Unincorporated,Fresno,131607.14,,,21.31,109.6,,,109.6,,,
2024,Fullerton,Orange,154822.64,,,,,,,,,,
2024,Galt,Sacramento,25102.45,0.21,,,,,,,,,
2024,Garden Grove,Orange,205637.01,1.05,,,,,,,,,
2024,Gardena,Los Angeles,90668.05,1.04,,,,,,,,,
2024,Gilroy,Santa Clara,39895.53,6.91,,,8535.12,,,8535.12,,,
2024,Glendale,Los Angeles,175046.82,,,,,,,,,,
2024,Glendora,Los Angeles,48040.54,,,,,,,,,,
2024,Glenn County Waste Management Regional Agency,Glenn,31619.57,161.21,,,5062.7,,,5062.7,,,
2024,Grand Terrace,San Bernardino,8224.34,,,,,,,,,,
2024,Grass Valley,Nevada,15231.15,1.41,,,812.54,,,812.54,,,
2024,Guadalupe,Santa Barbara,7162.53,0.02,,,,,,,,,
2024,Half Moon Bay,San Mateo,19528.61,,,,,,,,,,
2024,Hawaiian Gardens,Los Angeles,9595.56,0.03,,,,,,,,,
2024,Hawthorne,Los Angeles,62434.26,0.52,,,,,,,,,
2024,Hayward,Alameda,110250.79,18.54,,,,,,,,,
2024,Hemet,Riverside,103204.94,8.42,,,,,,,,,
2024,Hesperia,San Bernardino,77301.06,,,,,,,,,,
2024,Highland,San Bernardino,31457.63,,,,,,,,,,
2024,Hillsborough,San Mateo,5520.21,,,,,,,,,,
2024,Humboldt-Unincorporated,Humboldt,40567.07,,,,,,,,,,
2024,Huntington Beach,Orange,240573.2,0.2,,,,,,,,,
2024,Huntington Park,Los Angeles,42525.7,,,,,,,,,,
2024,Huron,Fresno,5198.35,,,,,,,,,,
2024,Imperial Beach,San Diego,17114.87,,,,,,,,,,
2024,Imperial Valley Resource Management Agency,Imperial,196796.12,0.01,,8321.59,,,,,,,
2024,Indian Wells,Riverside,11741.87,,,,,,,,,,
2024,Indio,Riverside,101509.93,0.87,,,,,,,,,
2024,Industry,Los Angeles,87547.23,37.43,,,,,,,,,
2024,Inglewood,Los Angeles,97187.55,893.53,,,,,,,,,
2024,Inyo Regional Waste Management Agency,Inyo,23152.32,,,2174,,,,,,,
2024,Irvine,Orange,331628.77,31.15,,,,,,,,,
2024,Irwindale,Los Angeles,25335.69,1.67,,,,,,,,,
2024,Isleton,Sacramento,828.16,,,,,,,,,,
2024,Jurupa Valley,Riverside,90891.76,484.09,,,,,,,,,
2024,Kerman,Fresno,21254.69,,,,,,,,,,
2024,Kern-Unincorporated,Kern,483117.93,120.32,,357.34,,,,,,,
2024,Kings Waste and Recycling Authority,Kings,114080.62,3.78,,4.67,,,,,,,
2024,Kingsburg,Fresno,9548.63,,,,,,,,,,
2024,La Canada Flintridge,Los Angeles,17670,,,,,,,,,,
2024,La Habra,Orange,60209.65,,,,,,,,,,
2024,La Habra Heights,Los Angeles,6411.71,,,,,,,,,,
2024,La Mesa,San Diego,48878.66,,,,,,,,,,
2024,La Mirada,Los Angeles,32541.36,138.45,,,,,,,,,
2024,La Palma,Orange,5944.87,0.37,,,,,,,,,
2024,La Puente,Los Angeles,47491.05,,,,,,,,,,
2024,La Quinta,Riverside,39462.66,,,,,,,,,,
2024,La Verne,Los Angeles,28423.61,20,,,,,,,,,
2024,Laguna Beach,Orange,38337,,,,,,,,,,
2024,Laguna Hills,Orange,32158.6,3.72,,,,,,,,,
2024,Laguna Niguel,Orange,49530.44,8.13,,,,,,,,,
2024,Laguna Woods,Orange,11915.31,,,,,,,,,,
2024,Lake Elsinore,Riverside,75898.57,8.37,,,,,,,,,
2024,Lake Forest,Orange,82504.37,,,,,,,,,,
2024,Lakeport,Lake,6809.77,,,,,,,,,,
2024,Lake-Unincorporated,Lake,43111.75,,,0.43,,,,,,,
2024,Lakewood,Los Angeles,48827.42,223.17,,,,,,,,,
2024,Lancaster,Los Angeles,150672.96,0.03,,,,,,,,,
2024,Lassen Regional Solid Waste Management Authority,Lassen,18802,0.67,,3494.42,,,,,,,
2024,Lathrop,San Joaquin,35626.3,144.96,,,,,,,,,
2024,Lawndale,Los Angeles,14446.82,0.08,,,,,,,,,
2024,Lemon Grove,San Diego,22825.3,,,,,,,,,,
2024,Lincoln,Placer,38074.3,0.21,,,,,,,,,
2024,Lindsay,Tulare,9503.39,,,,,,,,,,
2024,Livermore,Alameda,83592.96,,,,,,,,,,
2024,Lodi,San Joaquin,80669.21,20.8,,,,,,,,,
2024,Loma Linda,San Bernardino,21349.46,0.45,,,,,,,,,
2024,Lomita,Los Angeles,14291.74,1.24,,,,,,,,,
2024,Lompoc,Santa Barbara,34592.42,,,66,,,,,,,
2024,Long Beach,Los Angeles,447115.26,12301.27,,,,655.83,,655.83,,,
2024,Loomis,Placer,8663.67,,,,,,,,,,
2024,Los Alamitos,Orange,17015.12,3.9,,,,,,,,,
2024,Los Altos,Santa Clara,12299.2,0.24,,,,,,,,,
2024,Los Altos Hills,Santa Clara,564.17,,,,,,,,,,
2024,Los Angeles Area Integrated Waste Management Authority,Los Angeles,5632979.72,11233.5,,,158199.83,,,158199.83,,,
2024,Los Angeles-Unincorporated,Los Angeles,839668.4,7.82,,,340.28,,,340.28,,,
2024,Los Gatos,Santa Clara,17374.57,,,,,,,,,,
2024,Madera,Madera,50143.56,73.95,,217.13,,,,,,,
2024,Madera-Unincorporated,Madera,98034.04,,,900.58,17183.08,,,17183.08,,,
2024,Malibu,Los Angeles,42306.77,,,,,,,,,,
2024,Mammoth Lakes,Mono,22413.94,,,869.96,,,,,,,
2024,Manteca,San Joaquin,118865.99,2.78,,,,,,,,,
2024,Maricopa,Kern,908.16,64.53,,,,,,,,,
2024,Marin County Hazardous and Solid Waste Management Authority,Marin,225732.41,4.69,,0.7,5325.85,,,5325.85,,,
2024,Marina,Monterey,17168.52,0.29,,,,,,,,,
2024,Mariposa-Unincorporated,Mariposa,17897.4,,,188.9,,,,,,,
2024,Martinez,Contra Costa,55116.35,0.34,,,,,,,,,
2024,Maywood,Los Angeles,13695.7,5.31,,,,,,,,,
2024,McFarland,Kern,10103.34,,,,,,,,,,
2024,Mendocino-Unincorporated,Mendocino,44943.29,,,,,,,,,,
2024,Mendota,Fresno,5123.54,,,,,,,,,,
2024,Menifee,Riverside,72745.76,0.09,,,,,,,,,
2024,Menlo Park,San Mateo,14769.89,0.5,,,,,,,,,
2024,Merced County Solid Waste Regional Agency,Merced,329097.38,10.67,,4459.76,,,,,,,
2024,Millbrae,San Mateo,15719.26,,,,,,,,,,
2024,Milpitas,Santa Clara,47811.51,6.06,,,,,,,,,
2024,Mission Viejo,Orange,74799,,,,,,,,,,
2024,Modesto,Stanislaus,175390.2,56814.47,,,1228.35,,,1228.35,,,
2024,Modoc-Unincorporated,Modoc,2224.79,,,,,,,,,,
2024,Mono-Unincorporated,Mono,4002.2,,,371.89,,,,,,,
2024,Monrovia,Los Angeles,37854.71,8.27,,,,,,,,,
2024,Montclair,San Bernardino,39026.51,,,,,,,,,,
2024,Monte Sereno,Santa Clara,307.77,,,,,,,,,,
2024,Montebello,Los Angeles,72324.49,12.26,,,,,,,,,
2024,Monterey,Monterey,34603.68,0.68,,,,,,,,,
2024,Monterey Park,Los Angeles,33383.29,,,,,,,,,,
2024,Monterey-Unincorporated,Monterey,178360.52,,,,,,,,,,
2024,Moorpark,Ventura,31102.71,,,,,,,,,,
2024,Moreno Valley,Riverside,193618,110.53,,,,,,,,,
2024,Morgan Hill,Santa Clara,18412.13,0.49,,,,,,,,,
2024,Mountain View,Santa Clara,32688.85,0.16,,,,,,,,,
2024,Murrieta,Riverside,85699.46,,,,,,,,,,
2024,Napa,Napa,88675.42,0.92,,360.36,,,,,,,
2024,Napa-Unincorporated,Napa,40662.52,,,3441.77,,,,,,,
2024,National City,San Diego,63626.8,,,,,,,,,,
2024,Needles,San Bernardino,6788.35,,,,,,,,,,
2024,Nevada City,Nevada,4263.43,,,,,,,,,,
2024,Nevada-Unincorporated,Nevada,47992.96,,,,,,,,,105.96,
2024,Newark,Alameda,40321.72,646.54,,,,,,,,,
2024,Newport Beach,Orange,133985.11,3.2,,,,,,,,,
2024,Norco,Riverside,31910.56,0.01,,,,,,,,,
2024,Norwalk,Los Angeles,71941.74,0.1,,,,,,,,,
2024,Oakland,Alameda,303230.25,36.83,,,14892.45,,,14892.45,,,
2024,Oakley,Contra Costa,28220.62,,,,,,,,,,
2024,Oceanside,San Diego,122405.41,104.57,,,,,,,,,
2024,Ojai,Ventura,9998.96,,,,,,,,,,
2024,Ontario,San Bernardino,334037.69,94.35,,,,,,,,,
2024,Orange,Orange,198073.14,0.4,,,,,,,,,
2024,Orange Cove,Fresno,4478.82,,,,,,,,,,
2024,Orange-Unincorporated,Orange,97079.24,1.21,,,,,,,,,
2024,Oroville,Butte,35580.21,0.95,,1.38,,,,,,,
2024,Oxnard,Ventura,559477.72,425.66,,,,,,,,,
2024,Pacific Grove,Monterey,9523.17,,,,,,,,,,
2024,Pacifica,San Mateo,18157.29,,,,,,,,,,
2024,Palm Desert,Riverside,69185.97,,,,,,,,,,
2024,Palm Springs,Riverside,69784.57,,,,,,,,,,
2024,Palmdale,Los Angeles,134665.53,,,,,,,,,,
2024,Palo Alto,Santa Clara,22967.24,,,,,,,,,,
2024,Paradise,Butte,11839.75,,,5.66,,,,,,,
2024,Paramount,Los Angeles,74968,1.18,,,,,,,,,
2024,Parlier,Fresno,11064.31,,,8.82,,,,,,,
2024,Pasadena,Los Angeles,170049.1,1.23,,,,,,,,,
2024,Perris,Riverside,111370.53,34.24,,,,,,,,,
2024,Pico Rivera,Los Angeles,54417.47,,,,,,,,,,
2024,Piedmont,Alameda,3459.66,0.06,,,,,,,,,
2024,Pittsburg,Contra Costa,84544.37,1.59,,8.22,642.84,,,642.84,,,
2024,Placentia,Orange,50468.86,,,,,,,,,,
2024,Placer-Unincorporated,Placer,110012.85,0.32,,,,,,,,3406.03,
2024,Placerville,El Dorado,13896.62,,,,205.82,,,205.82,,,
2024,Pleasant Hill,Contra Costa,24429.77,,,,,,,,,,
2024,Pleasanton,Alameda,87817.72,20.38,,,,,,,,,
2024,Plumas-Unincorporated,Plumas,20353.67,,,,98.3,,,98.3,,,
2024,Point Arena,Mendocino,313.46,,,,,,,,,,
2024,Port Hueneme,Ventura,40822.98,5.49,,,,,,,,,
2024,Porterville,Tulare,47107.84,,,,,,,,,,
2024,Portola,Plumas,1914.31,,,,,,,,,,
2024,Portola Valley,San Mateo,2725.41,,,,,,,,,,
2024,Poway,San Diego,47324.48,,,,,,,,,,
2024,Rancho Cordova,Sacramento,71573.17,18.91,,,,,,,,,
2024,Rancho Cucamonga,San Bernardino,174266.86,,,,,,,,,,
2024,Rancho Mirage,Riverside,23648.26,,,,,,,,,,
2024,Rancho Santa Margarita,Orange,33521.34,4.79,,,,,,,,,
2024,Redding,Shasta,106695.18,,,,,,,,,,
2024,Redlands,San Bernardino,75331.3,170.54,,,,,,,,,
2024,Redwood City,San Mateo,84969.17,0.1,,,3662.07,,,3662.07,,,
2024,Reedley,Fresno,15683.41,,,,,,,,,,
2024,Rialto,San Bernardino,116705.62,60.24,,,,,,,,,
2024,Ridgecrest,Kern,36116.6,0.48,,,,,,,,,
2024,Rio Dell,Humboldt,1568.08,0.57,,,,,,,,,
2024,Rio Vista,Solano,7296.78,,,,,,,,,,
2024,Ripon,San Joaquin,23029.34,0.34,,,,,,,,,
2024,Riverside,Riverside,472989.9,5.56,,,,,,,,,
2024,Riverside-Unincorporated,Riverside,477708.88,23.35,,,,,,,,,
2024,Rocklin,Placer,44119.38,0.46,,,,,,,,,
2024,Rolling Hills,Los Angeles,3517.25,0.08,,,,,,,,,
2024,Rolling Hills Estates,Los Angeles,8572.79,,,,,,,,,,
2024,Roseville,Placer,125022.42,6.14,,,,,,,,,
2024,Sacramento,Sacramento,620983.39,2258.94,,,54.79,,,54.79,,,
2024,Sacramento-Unincorporated,Sacramento,540775.64,160.32,,,,,,,,,
2024,Salinas Valley Solid Waste Authority,Monterey,195036.82,73.27,,,,,,,,,
2024,San Benito County Integrated Waste Management Regional Agency,San Benito,99678.71,1.72,,,,,,,,,
2024,San Bernardino,San Bernardino,248612.69,24.34,,,,,,,,,
2024,San Bernardino-Unincorporated,San Bernardino,306651,113.49,,,,,,,,,
2024,San Bruno,San Mateo,24631.46,0.68,,,,,,,,,
2024,San Buenaventura,Ventura,133060.2,,,,,,,,,,
2024,San Carlos,San Mateo,40591.98,,,,,,,,,,
2024,San Clemente,Orange,56566.03,9.06,,,,,,,,,
2024,San Diego,San Diego,1628713.36,405.22,,,,,,,,2288,
2024,San Diego-Unincorporated,San Diego,484639.13,,,,,,,,,5349.27,
2024,San Dimas,Los Angeles,27747.34,97.54,,,,,,,,,
2024,San Fernando,Los Angeles,25137.03,,,,,,,,,,
2024,San Francisco,San Francisco,481566.69,26,,326.65,752.18,,,752.18,326.65,,
2024,San Gabriel,Los Angeles,33436.39,0.78,,,,,,,,,
2024,San Jacinto,Riverside,52796.63,5.74,,,,,,,,,
2024,San Joaquin,Fresno,1392.24,,,,,,,,,,
2024,San Joaquin-Unincorporated,San Joaquin,190831.57,3.76,,,,,,,,,
2024,San Jose,Santa Clara,898737.58,15.25,,,215105.67,,,215105.67,,,
2024,San Juan Capistrano,Orange,39276.17,866.41,,,,102.16,,102.16,,,
2024,San Leandro,Alameda,150146.07,3.8,,,,,,,,,
2024,San Luis Obispo County Integrated Waste Management Authority,San Luis Obispo,302367.04,0.92,,3844.14,570.15,,,570.15,,,
2024,San Marcos,San Diego,89360.92,,,,,,,,,,
2024,San Marino,Los Angeles,10295.23,,,,,,,,,,
2024,San Mateo,San Mateo,78521.87,0.21,,,,,,,,,
2024,San Mateo-Unincorporated,San Mateo,41576.35,,,,,,,,,,
2024,San Ramon,Contra Costa,31623.28,,,,,,,,,,
2024,Sand City,Monterey,1360.07,,,,,,,,,,
2024,Sanger,Fresno,23326.26,,,,,,,,,,
2024,Santa Ana,Orange,362456.12,30.38,,,,,,,,,
2024,Santa Barbara,Santa Barbara,129038.55,0.02,,,,,,,,,
2024,Santa Barbara Regional Integrated Waste Mgmgt. Reporting Authority,Santa Barbara,177729.47,,,18912.33,,,,,,,
2024,Santa Clara,Santa Clara,66652.82,194.93,,,,,,,,,
2024,Santa Clara-Unincorporated,Santa Clara,39406.25,,,,,,,,,,
2024,Santa Clarita,Los Angeles,208032.86,89.86,,,,,,,,,
2024,Santa Cruz,Santa Cruz,71820.56,1.69,,1098.09,,,,,,,
2024,Santa Cruz-Unincorporated,Santa Cruz,95385.2,,,,,,,,,,
2024,Santa Fe Springs,Los Angeles,125773.14,371.36,,,,,,,,,
2024,Santa Maria,Santa Barbara,134497.61,,,0.99,,,,,,,
2024,Santa Monica,Los Angeles,91845.25,12.93,,,14.65,,,14.65,,,
2024,Santa Paula,Ventura,38871.36,,,,,,,,,,
2024,Santee,San Diego,47312.16,,,,,,,,,4501.11,
2024,Saratoga,Santa Clara,14561.11,,,,,,,,,,
2024,Scotts Valley,Santa Cruz,8571.8,,,,,,,,,,
2024,Seal Beach,Orange,26485.03,0.11,,,,,,,,,
2024,Seaside,Monterey,22420.4,0.37,,,,,,,,,
2024,Selma,Fresno,20102.04,,,0.32,,,,,,,
2024,Shafter,Kern,41824.34,0.19,,,,,,,,,
2024,Shasta County Waste Management Agency,Shasta,91492.02,,,413.94,,,,,,,
2024,Sierra County Regional Agency,Sierra,3112.36,,,,1264.27,,,1264.27,,7.85,
2024,Signal Hill,Los Angeles,13309.37,81.68,,,,,,,,,
2024,Simi Valley,Ventura,150354.57,,,,,,,,,,
2024,Siskiyou County Integrated Solid Waste Management Regional Agency,Siskiyou,44215.42,,,,,,,,,,
2024,Solana Beach,San Diego,11561.51,,,,,,,,,,
2024,Solano-Unincorporated,Solano,27087.78,,,,,,,,,,
2024,Solvang,Santa Barbara,2726.23,,,,,,,,,,
2024,Sonoma County Waste Management Agency,Sonoma,402275.65,147.5,,35.01,2632.23,,,2632.23,,,
2024,Sonora,Tuolumne,9675.78,0.6,,,8.35,,,8.35,,,
2024,South El Monte,Los Angeles,33339.35,13.3,,,,,,,,,
2024,South Lake Tahoe,El Dorado,31700.15,0.75,,,,,,,,,
2024,South Pasadena,Los Angeles,18498.02,,,,,,,,,,
2024,South San Francisco,San Mateo,49781.7,230.5,,,,,,,,,
2024,Stanislaus County Regional Solid Waste Planning Agency,Stanislaus,338459.12,68422.9,,,,,,,,,
2024,Stanton,Orange,58416.04,,,,,,,,,,
2024,Stockton,San Joaquin,376618.25,290.53,,,19.81,,,19.81,,,
2024,Suisun City,Solano,17013.46,,,,,,,,,,
2024,Sunnyvale,Santa Clara,73418.65,14.2,,,608.84,,,608.84,,,
2024,Taft,Kern,11999.57,,,,,,,,,,
2024,Tehachapi,Kern,12384.35,,,,,,,,,,
2024,Tehama County Solid Waste Management Agency,Tehama,58433.67,0.12,,,3.71,,,3.71,,,
2024,Temecula,Riverside,116641.56,267.71,,,,,,,,,
2024,Temple City,Los Angeles,26215.19,,,,,,,,,,
2024,Thousand Oaks,Ventura,106082.69,14.67,,,,,,,,,
2024,Tracy,San Joaquin,131387.11,122.11,,,,,,,,,
2024,Trinidad,Humboldt,409.48,,,,,,,,,,
2024,Trinity-Unincorporated,Trinity,7617.65,,,,,,,,,,
2024,Truckee,Nevada,42719.14,,,,,,,,,4738.27,
2024,Tulare,Tulare,65561.35,0.22,,,,,,,,,
2024,Tulare-Unincorporated,Tulare,205552.29,,,,,,,,,,
2024,Tuolumne-Unincorporated,Tuolumne,40421.09,3.74,,,,,,,,,
2024,Tustin,Orange,74577.15,,,,,,,,,,
2024,Twentynine Palms,San Bernardino,17429.32,,,,,,,,,,
2024,Ukiah,Mendocino,16301.57,0.36,,3763.83,,,,,3763.83,,
2024,Union City,Alameda,44953.41,1.33,,,,,,,,,
2024,Upland,San Bernardino,70556.36,,,,,,,,,,
2024,Upper Valley Waste Management Agency,Napa,20195.93,,,1932.77,,,,,,,
2024,Vacaville,Solano,100938.83,0.25,,,,,,,,,
2024,Vallejo,Solano,100688.12,1.39,,,,,,,,,
2024,Ventura-Unincorporated,Ventura,121961.59,5.43,,,,,,,,,
2024,Vernon,Los Angeles,136720.37,,,,,,,,,,
2024,Victorville,San Bernardino,120699.81,328.78,,,,,,,,,
2024,Villa Park,Orange,5964.99,,,,,,,,,,
2024,Visalia,Tulare,148975.23,1.91,,,,,,,,,
2024,Vista,San Diego,107592,63.73,,,,,,,,,
2024,Walnut,Los Angeles,20938.16,,,,,,,,,,
2024,Wasco,Kern,42248.79,0.01,,,,,,,,,
2024,Watsonville,Santa Cruz,53965.75,0.3,,,,,,,,,
2024,West Contra Costa Integrated Waste Management Authority,Contra Costa,159488.55,1.1,,,,,,,,,
2024,West Covina,Los Angeles,81909.04,,,,,,,,,,
2024,West Hollywood,Los Angeles,23213.76,,,,,,,,,,
2024,West Sacramento,Yolo,50361.98,2.12,,,,,,,,,
2024,Westlake Village,Los Angeles,14354.83,,,,,,,,,,
2024,Westminster,Orange,105214.05,0.25,,,,,,,,,
2024,Whittier,Los Angeles,99091.34,,,,,,,,,,
2024,Wildomar,Riverside,36022.26,3,,,,,,,,,
2024,Willits,Mendocino,3842.6,,,,,,,,,,
2024,Winters,Yolo,6658.97,0.02,,,,,,,,,
2024,Woodlake,Tulare,5283.65,,,,,,,,,,
2024,Woodland,Yolo,57835.13,46.71,,,,,,,,,
2024,Woodside,San Mateo,6958.88,,,,,,,,,,
2024,Yolo-Unincorporated,Yolo,27455.89,0.04,,,,,,,,,
2024,Yorba Linda,Orange,54618.9,,,,,,,,,,
2024,Yuba/Sutter Regional Waste Management Authority,Sutter,194860.58,7.08,,,13.31,,,13.31,,,
2024,Yucaipa,San Bernardino,34553.27,,,,,,,,,,
2024,Yucca Valley,San Bernardino,23629.73,,,,,,,,,,
