Jurisdiction,County,Regional_Agency
Amador City,Amador,Amador County Integrated Solid Waste Management Agency
Amador-Unincorporated,Amador,Amador County Integrated Solid Waste Management Agency
Ione,Amador,Amador County Integrated Solid Waste Management Agency
Jackson,Amador,Amador County Integrated Solid Waste Management Agency
Plymouth,Amador,Amador County Integrated Solid Waste Management Agency
Sutter Creek,Amador,Amador County Integrated Solid Waste Management Agency
Biggs,Butte,Butte County Regional Waste Management Authority
Butte-Unincorporated,Butte,Butte County Regional Waste Management Authority
Gridley,Butte,Butte County Regional Waste Management Authority
Angels Camp,Calaveras,Calaveras County Regional Agency
Danville,Contra Costa,Central Contra Costa Solid Waste Authority
Lafayette,Contra Costa,Central Contra Costa Solid Waste Authority
Moraga,Contra Costa,Central Contra Costa Solid Waste Authority
Orinda,Contra Costa,Central Contra Costa Solid Waste Authority
Walnut Creek,Contra Costa,Central Contra Costa Solid Waste Authority
Colusa,Colusa,Colusa County Regional Agency
Colusa-Unincorporated,Colusa,Colusa County Regional Agency
Williams,Colusa,Colusa County Regional Agency
Crescent City,Del Norte,Del Norte Solid Waste Management Authority
Del Norte-Unincorporated,Del Norte,Del Norte Solid Waste Management Authority
Glenn-Unincorporated,Glenn,Glenn County Waste Management Regional Agency
Orland,Glenn,Glenn County Waste Management Regional Agency
Willows,Glenn,Glenn County Waste Management Regional Agency
Brawley,Imperial,Imperial Valley Resource Management Agency
Calexico,Imperial,Imperial Valley Resource Management Agency
Calipatria,Imperial,Imperial Valley Resource Management Agency
El Centro,Imperial,Imperial Valley Resource Management Agency
Holtville,Imperial,Imperial Valley Resource Management Agency
Imperial,Imperial,Imperial Valley Resource Management Agency
Imperial-Unincorporated,Imperial,Imperial Valley Resource Management Agency
Westmorland,Imperial,Imperial Valley Resource Management Agency
Bishop,Inyo,Inyo Regional Waste Management Agency
Inyo-Unincorporated,Inyo,Inyo Regional Waste Management Agency
Corcoran,Kings,Kings Waste and Recycling Authority
Hanford,Kings,Kings Waste and Recycling Authority
Kings-Unincorporated,Kings,Kings Waste and Recycling Authority
Lemoore,Kings,Kings Waste and Recycling Authority
Lassen-Unincorporated,Lassen,Lassen Regional Solid Waste Management Authority
Susanville,Lassen,Lassen Regional Solid Waste Management Authority
Artesia,Los Angeles,Los Angeles Area Integrated Waste Management Authority
Beverly Hills,Los Angeles,Los Angeles Area Integrated Waste Management Authority
Bradbury,Los Angeles,Los Angeles Area Integrated Waste Management Authority
Downey,Los Angeles,Los Angeles Area Integrated Waste Management Authority
Duarte,Los Angeles,Los Angeles Area Integrated Waste Management Authority
Hermosa Beach,Los Angeles,Los Angeles Area Integrated Waste Management Authority
Hidden Hills,Los Angeles,Los Angeles Area Integrated Waste Management Authority
Los Angeles,Los Angeles,Los Angeles Area Integrated Waste Management Authority
Lynwood,Los Angeles,Los Angeles Area Integrated Waste Management Authority
Manhattan Beach,Los Angeles,Los Angeles Area Integrated Waste Management Authority
Palos Verdes Estates,Los Angeles,Los Angeles Area Integrated Waste Management Authority
Pomona,Los Angeles,Los Angeles Area Integrated Waste Management Authority
Rancho Palos Verdes,Los Angeles,Los Angeles Area Integrated Waste Management Authority
Redondo Beach,Los Angeles,Los Angeles Area Integrated Waste Management Authority
Rosemead,Los Angeles,Los Angeles Area Integrated Waste Management Authority
Sierra Madre,Los Angeles,Los Angeles Area Integrated Waste Management Authority
South Gate,Los Angeles,Los Angeles Area Integrated Waste Management Authority
Torrance,Los Angeles,Los Angeles Area Integrated Waste Management Authority
Belvedere,Marin,Marin County Hazardous and Solid Waste Management Authority
Corte Madera,Marin,Marin County Hazardous and Solid Waste Management Authority
Fairfax,Marin,Marin County Hazardous and Solid Waste Management Authority
Larkspur,Marin,Marin County Hazardous and Solid Waste Management Authority
Marin-Unincorporated,Marin,Marin County Hazardous and Solid Waste Management Authority
Mill Valley,Marin,Marin County Hazardous and Solid Waste Management Authority
Novato,Marin,Marin County Hazardous and Solid Waste Management Authority
Ross,Marin,Marin County Hazardous and Solid Waste Management Authority
San Anselmo,Marin,Marin County Hazardous and Solid Waste Management Authority
San Rafael,Marin,Marin County Hazardous and Solid Waste Management Authority
Sausalito,Marin,Marin County Hazardous and Solid Waste Management Authority
Tiburon,Marin,Marin County Hazardous and Solid Waste Management Authority
Atwater,Merced,Merced County Solid Waste Regional Agency
Dos Palos,Merced,Merced County Solid Waste Regional Agency
Gustine,Merced,Merced County Solid Waste Regional Agency
Livingston,Merced,Merced County Solid Waste Regional Agency
Los Banos,Merced,Merced County Solid Waste Regional Agency
Merced,Merced,Merced County Solid Waste Regional Agency
Merced-Unincorporated,Merced,Merced County Solid Waste Regional Agency
Gonzales,Monterey,Salinas Valley Solid Waste Authority
Greenfield,Monterey,Salinas Valley Solid Waste Authority
King City,Monterey,Salinas Valley Solid Waste Authority
Salinas,Monterey,Salinas Valley Solid Waste Authority
Soledad,Monterey,Salinas Valley Solid Waste Authority
Hollister,San Benito,San Benito County Integrated Waste Management Regional Agency
San Benito-Unincorporated,San Benito,San Benito County Integrated Waste Management Regional Agency
San Juan Bautista,San Benito,San Benito County Integrated Waste Management Regional Agency
Arroyo Grande,San Luis Obispo,San Luis Obispo County Integrated Waste Management Authority
Atascadero,San Luis Obispo,San Luis Obispo County Integrated Waste Management Authority
Avila Beach Community Services District,San Luis Obispo,San Luis Obispo County Integrated Waste Management Authority
California Valley Community Services District,San Luis Obispo,San Luis Obispo County Integrated Waste Management Authority
Cambria Community Services District,San Luis Obispo,San Luis Obispo County Integrated Waste Management Authority
Cayucos Sanitary District,San Luis Obispo,San Luis Obispo County Integrated Waste Management Authority
El Paso De Robles,San Luis Obispo,San Luis Obispo County Integrated Waste Management Authority
Ground Squirrel Hollow Community Services District,San Luis Obispo,San Luis Obispo County Integrated Waste Management Authority
Grover Beach,San Luis Obispo,San Luis Obispo County Integrated Waste Management Authority
Heritage Ranch Community Services District,San Luis Obispo,San Luis Obispo County Integrated Waste Management Authority
Los Osos Community Services District,San Luis Obispo,San Luis Obispo County Integrated Waste Management Authority
Morro Bay,San Luis Obispo,San Luis Obispo County Integrated Waste Management Authority
Nipomo Community Services District,San Luis Obispo,San Luis Obispo County Integrated Waste Management Authority
Oceano Community Services District,San Luis Obispo,San Luis Obispo County Integrated Waste Management Authority
Pismo Beach,San Luis Obispo,San Luis Obispo County Integrated Waste Management Authority
San Luis Obispo,San Luis Obispo,San Luis Obispo County Integrated Waste Management Authority
San Luis Obispo-Unincorporated,San Luis Obispo,San Luis Obispo County Integrated Waste Management Authority
San Miguel Community Services District,San Luis Obispo,San Luis Obispo County Integrated Waste Management Authority
San Simeon Community Services District,San Luis Obispo,San Luis Obispo County Integrated Waste Management Authority
Templeton Community Services District,San Luis Obispo,San Luis Obispo County Integrated Waste Management Authority
Goleta,Santa Barbara,Santa Barbara Regional Integrated Waste Mgmgt. Reporting Authority
Santa Barbara-Unincorporated,Santa Barbara,Santa Barbara Regional Integrated Waste Mgmgt. Reporting Authority
Anderson,Shasta,Shasta County Waste Management Agency
Shasta Lake,Shasta,Shasta County Waste Management Agency
Shasta-Unincorporated,Shasta,Shasta County Waste Management Agency
Loyalton,Sierra,Sierra County Regional Agency
Sierra-Unincorporated,Sierra,Sierra County Regional Agency
Dorris,Siskiyou,Siskiyou County Integrated Solid Waste Management Regional Agency
Dunsmuir,Siskiyou,Siskiyou County Integrated Solid Waste Management Regional Agency
Etna,Siskiyou,Siskiyou County Integrated Solid Waste Management Regional Agency
Fort Jones,Siskiyou,Siskiyou County Integrated Solid Waste Management Regional Agency
Montague,Siskiyou,Siskiyou County Integrated Solid Waste Management Regional Agency
Mount Shasta,Siskiyou,Siskiyou County Integrated Solid Waste Management Regional Agency
Siskiyou-Unincorporated,Siskiyou,Siskiyou County Integrated Solid Waste Management Regional Agency
Tulelake,Siskiyou,Siskiyou County Integrated Solid Waste Management Regional Agency
Weed,Siskiyou,Siskiyou County Integrated Solid Waste Management Regional Agency
Yreka,Siskiyou,Siskiyou County Integrated Solid Waste Management Regional Agency
Cloverdale,Sonoma,Sonoma County Waste Management Agency
Cotati,Sonoma,Sonoma County Waste Management Agency
Healdsburg,Sonoma,Sonoma County Waste Management Agency
Petaluma,Sonoma,Sonoma County Waste Management Agency
Rohnert Park,Sonoma,Sonoma County Waste Management Agency
Santa Rosa,Sonoma,Sonoma County Waste Management Agency
Sebastopol,Sonoma,Sonoma County Waste Management Agency
Sonoma,Sonoma,Sonoma County Waste Management Agency
Sonoma-Unincorporated,Sonoma,Sonoma County Waste Management Agency
Windsor,Sonoma,Sonoma County Waste Management Agency
Ceres,Stanislaus,Stanislaus County Regional Solid Waste Planning Agency
Hughson,Stanislaus,Stanislaus County Regional Solid Waste Planning Agency
Newman,Stanislaus,Stanislaus County Regional Solid Waste Planning Agency
Oakdale,Stanislaus,Stanislaus County Regional Solid Waste Planning Agency
Patterson,Stanislaus,Stanislaus County Regional Solid Waste Planning Agency
Riverbank,Stanislaus,Stanislaus County Regional Solid Waste Planning Agency
Stanislaus-Unincorporated,Stanislaus,Stanislaus County Regional Solid Waste Planning Agency
Turlock,Stanislaus,Stanislaus County Regional Solid Waste Planning Agency
Waterford,Stanislaus,Stanislaus County Regional Solid Waste Planning Agency
Corning,Tehama,Tehama County Solid Waste Management Agency
Red Bluff,Tehama,Tehama County Solid Waste Management Agency
Tehama,Tehama,Tehama County Solid Waste Management Agency
Tehama-Unincorporated,Tehama,Tehama County Solid Waste Management Agency
Calistoga,Napa,Upper Valley Waste Management Agency
St Helena,Napa,Upper Valley Waste Management Agency
Yountville,Napa,Upper Valley Waste Management Agency
El Cerrito,Contra Costa,West Contra Costa Integrated Waste Management Authority
Hercules,Contra Costa,West Contra Costa Integrated Waste Management Authority
Pinole,Contra Costa,West Contra Costa Integrated Waste Management Authority
Richmond,Contra Costa,West Contra Costa Integrated Waste Management Authority
San Pablo,Contra Costa,West Contra Costa Integrated Waste Management Authority
Live Oak,Sutter,Yuba/Sutter Regional Waste Management Authority
Marysville,Yuba,Yuba/Sutter Regional Waste Management Authority
Sutter-Unincorporated,Sutter,Yuba/Sutter Regional Waste Management Authority
Wheatland,Yuba,Yuba/Sutter Regional Waste Management Authority
Yuba City,Sutter,Yuba/Sutter Regional Waste Management Authority
Yuba-Unincorporated,Yuba,Yuba/Sutter Regional Waste Management Authority
Campbell,Santa Clara,West Valley Solid Waste Management Authority
Los Gatos,Santa Clara,West Valley Solid Waste Management Authority
Monte Sereno,Santa Clara,West Valley Solid Waste Management Authority
Saratoga,Santa Clara,West Valley Solid Waste Management Authority
Alameda - Unincorporated,Alameda,Alameda County Waste Management Authority
Alameda,Alameda,Alameda County Waste Management Authority
Albany,Alameda,Alameda County Waste Management Authority
Berkeley,Alameda,Alameda County Waste Management Authority
Dublin,Alameda,Alameda County Waste Management Authority
Emeryville,Alameda,Alameda County Waste Management Authority
Fremont,Alameda,Alameda County Waste Management Authority
Hayward,Alameda,Alameda County Waste Management Authority
Livermore,Alameda,Alameda County Waste Management Authority
Newark,Alameda,Alameda County Waste Management Authority
Oakland,Alameda,Alameda County Waste Management Authority
Piedmont,Alameda,Alameda County Waste Management Authority
Pleasanton,Alameda,Alameda County Waste Management Authority
San Leandro,Alameda,Alameda County Waste Management Authority
Union City,Alameda,Alameda County Waste Management Authority
Belmont,San Mateo,South Bayside Waste Management Authority
Burlingame,San Mateo,South Bayside Waste Management Authority
East Palo Alto,San Mateo,South Bayside Waste Management Authority
Foster City,San Mateo,South Bayside Waste Management Authority
Hillsborough,San Mateo,South Bayside Waste Management Authority
Menlo Park,San Mateo,South Bayside Waste Management Authority
Redwood City,San Mateo,South Bayside Waste Management Authority
San Carlos,San Mateo,South Bayside Waste Management Authority
San Mateo,San Mateo,South Bayside Waste Management Authority
San Mateo - Unincorporated,San Mateo,South Bayside Waste Management Authority
